Workbook

Sheet Life Ext
B1: Damage ratio = | F1: =ROUND(SUM(J6:J37)/SUM(S6:S37),0) -> 26
AT2: Total flight time (h)= | AU2: =O4 -> 1.7
A3: S/N slope = K = | B3: 6.25 | D3: class # | E3: n (g) | F3: Kossira 6000 FH | G3: Kossira | I3: |n - avg Kossira|^K | J3: Kossira: occ * |n - avg|^K | K3: ='JANUS NEXT 3'!$B$1 -> JANUS NEXT 3 | L3: ='JANUS NEXT 2'!$B$1 -> JANUS NEXT 2 | M3: ='JANUS NEXT 1'!$B$1 -> JANUS NEXT 1 | N3: ='JANUS 260625'!$B$1 -> JANUS 260625 | O3: JANUS TOTAL | Q3: JANUS 6000 FH | R3: |n - avg JANUS|^K | S3: JANUS: occ * |n - avg|^K
F4: 6000 | G4: =AU2 -> 1.7 | K4: ='JANUS NEXT 3'!$B$4 -> 0 | L4: ='JANUS NEXT 2'!$B$4 -> 0 | M4: ='JANUS NEXT 1'!$B$4 -> 0 | N4: ='JANUS 260625'!$B$4 -> 1.7 | O4: =SUM(K4:N4) -> 1.7 | Q4: 6000
A5: avg n Kossira (g)= | B5: =H38/H39 -> 1.1023513 | F5: FH | G5: FH | K5: FH | L5: FH | M5: FH | N5: FH | O5: FH | Q5: FH
A6: avg n JANUS (g) = | B6: =P38/P39 -> 1.0711856 | D6: 1 | E6: =Kossira!G6 -> -3.84375 | F6: =IF(Kossira!H6<0.5,0,Kossira!H6) -> 0 | G6: =INT(F6/6000*$AU$2) -> 0 | H6: =E6*G6 -> 0 | I6: =(ABS(E6-$B$5))^$B$3 -> 21834.528 | J6: =F6*I6 -> 0 | K6: ='JANUS NEXT 3'!B6 -> 0 | L6: ='JANUS NEXT 2'!B6 -> 0 | M6: ='JANUS NEXT 1'!$B6 -> 0 | N6: ='JANUS 260625'!$B6 -> 0 | O6: =SUM(K6:N6) -> 0 | P6: =E6*O6 -> 0 | Q6: =O6*6000/$O$4 -> 0 | R6: =(ABS(E6-$B$6))^$B$3 -> 20988.744 | S6: =Q6*R6 -> 0
D7: =D6+1 -> 2 | E7: =Kossira!G7 -> -3.53125 | F7: =IF(Kossira!H7<0.5,0,Kossira!H7) -> 0 | G7: =INT(F7/6000*$AU$2) -> 0 | H7: =E7*G7 -> 0 | I7: =(ABS(E7-$B$5))^$B$3 -> 14520.837 | J7: =F7*I7 -> 0 | K7: ='JANUS NEXT 3'!B7 -> 0 | L7: ='JANUS NEXT 2'!B7 -> 0 | M7: ='JANUS NEXT 1'!$B7 -> 0 | N7: ='JANUS 260625'!$B7 -> 0 | O7: =SUM(K7:N7) -> 0 | P7: =E7*O7 -> 0 | Q7: =O7*6000/$O$4 -> 0 | R7: =(ABS(E7-$B$6))^$B$3 -> 13921.09 | S7: =Q7*R7 -> 0
D8: =D7+1 -> 3 | E8: =Kossira!G8 -> -3.21875 | F8: =IF(Kossira!H8<0.5,0,Kossira!H8) -> 0 | G8: =INT(F8/6000*$AU$2) -> 0 | H8: =E8*G8 -> 0 | I8: =(ABS(E8-$B$5))^$B$3 -> 9385.6708 | J8: =F8*I8 -> 0 | K8: ='JANUS NEXT 3'!B8 -> 0 | L8: ='JANUS NEXT 2'!B8 -> 0 | M8: ='JANUS NEXT 1'!$B8 -> 0 | N8: ='JANUS 260625'!$B8 -> 0 | O8: =SUM(K8:N8) -> 0 | P8: =E8*O8 -> 0 | Q8: =O8*6000/$O$4 -> 0 | R8: =(ABS(E8-$B$6))^$B$3 -> 8970.5141 | S8: =Q8*R8 -> 0
D9: =D8+1 -> 4 | E9: =Kossira!G9 -> -2.90625 | F9: =IF(Kossira!H9<0.5,0,Kossira!H9) -> 0 | G9: =INT(F9/6000*$AU$2) -> 0 | H9: =E9*G9 -> 0 | I9: =(ABS(E9-$B$5))^$B$3 -> 5870.9099 | J9: =F9*I9 -> 0 | K9: ='JANUS NEXT 3'!B9 -> 0 | L9: ='JANUS NEXT 2'!B9 -> 0 | M9: ='JANUS NEXT 1'!$B9 -> 0 | N9: ='JANUS 260625'!$B9 -> 0 | O9: =SUM(K9:N9) -> 0 | P9: =E9*O9 -> 0 | Q9: =O9*6000/$O$4 -> 0 | R9: =(ABS(E9-$B$6))^$B$3 -> 5591.3893 | S9: =Q9*R9 -> 0
D10: =D9+1 -> 5 | E10: =Kossira!G10 -> -2.59375 | F10: =IF(Kossira!H10<0.5,0,Kossira!H10) -> 0 | G10: =INT(F10/6000*$AU$2) -> 0 | H10: =E10*G10 -> 0 | I10: =(ABS(E10-$B$5))^$B$3 -> 3535.0795 | J10: =F10*I10 -> 0 | K10: ='JANUS NEXT 3'!B10 -> 0 | L10: ='JANUS NEXT 2'!B10 -> 0 | M10: ='JANUS NEXT 1'!$B10 -> 0 | N10: ='JANUS 260625'!$B10 -> 0 | O10: =SUM(K10:N10) -> 0 | P10: =E10*O10 -> 0 | Q10: =O10*6000/$O$4 -> 0 | R10: =(ABS(E10-$B$6))^$B$3 -> 3352.8543 | S10: =Q10*R10 -> 0
D11: =D10+1 -> 6 | E11: =Kossira!G11 -> -2.28125 | F11: =IF(Kossira!H11<0.5,0,Kossira!H11) -> 6.1896834 | G11: =INT(F11/6000*$AU$2) -> 0 | H11: =E11*G11 -> 0 | I11: =(ABS(E11-$B$5))^$B$3 -> 2035.2601 | J11: =F11*I11 -> 12597.616 | K11: ='JANUS NEXT 3'!B11 -> 0 | L11: ='JANUS NEXT 2'!B11 -> 0 | M11: ='JANUS NEXT 1'!$B11 -> 0 | N11: ='JANUS 260625'!$B11 -> 0 | O11: =SUM(K11:N11) -> 0 | P11: =E11*O11 -> 0 | Q11: =O11*6000/$O$4 -> 0 | R11: =(ABS(E11-$B$6))^$B$3 -> 1920.8913 | S11: =Q11*R11 -> 0
D12: =D11+1 -> 7 | E12: =Kossira!G12 -> -1.96875 | F12: =IF(Kossira!H12<0.5,0,Kossira!H12) -> 46.351234 | G12: =INT(F12/6000*$AU$2) -> 0 | H12: =E12*G12 -> 0 | I12: =(ABS(E12-$B$5))^$B$3 -> 1110.6786 | J12: =F12*I12 -> 51481.324 | K12: ='JANUS NEXT 3'!B12 -> 0 | L12: ='JANUS NEXT 2'!B12 -> 0 | M12: ='JANUS NEXT 1'!$B12 -> 0 | N12: ='JANUS 260625'!$B12 -> 0 | O12: =SUM(K12:N12) -> 0 | P12: =E12*O12 -> 0 | Q12: =O12*6000/$O$4 -> 0 | R12: =(ABS(E12-$B$6))^$B$3 -> 1042.0832 | S12: =Q12*R12 -> 0
D13: =D12+1 -> 8 | E13: =Kossira!G13 -> -1.65625 | F13: =IF(Kossira!H13<0.5,0,Kossira!H13) -> 281.8846 | G13: =INT(F13/6000*$AU$2) -> 0 | H13: =E13*G13 -> 0 | I13: =(ABS(E13-$B$5))^$B$3 -> 567.94448 | J13: =F13*I13 -> 160094.8 | K13: ='JANUS NEXT 3'!B13 -> 0 | L13: ='JANUS NEXT 2'!B13 -> 0 | M13: ='JANUS NEXT 1'!$B13 -> 0 | N13: ='JANUS 260625'!$B13 -> 0 | O13: =SUM(K13:N13) -> 0 | P13: =E13*O13 -> 0 | Q13: =O13*6000/$O$4 -> 0 | R13: =(ABS(E13-$B$6))^$B$3 -> 529.01217 | S13: =Q13*R13 -> 0
D14: =D13+1 -> 9 | E14: =Kossira!G14 -> -1.34375 | F14: =IF(Kossira!H14<0.5,0,Kossira!H14) -> 1164.9943 | G14: =INT(F14/6000*$AU$2) -> 0 | H14: =E14*G14 -> 0 | I14: =(ABS(E14-$B$5))^$B$3 -> 267.89541 | J14: =F14*I14 -> 312096.63 | K14: ='JANUS NEXT 3'!B14 -> 0 | L14: ='JANUS NEXT 2'!B14 -> 0 | M14: ='JANUS NEXT 1'!$B14 -> 0 | N14: ='JANUS 260625'!$B14 -> 0 | O14: =SUM(K14:N14) -> 0 | P14: =E14*O14 -> 0 | Q14: =O14*6000/$O$4 -> 0 | R14: =(ABS(E14-$B$6))^$B$3 -> 247.26333 | S14: =Q14*R14 -> 0
D15: =D14+1 -> 10 | E15: =Kossira!G15 -> -1.03125 | F15: =IF(Kossira!H15<0.5,0,Kossira!H15) -> 2988.8162 | G15: =INT(F15/6000*$AU$2) -> 0 | H15: =E15*G15 -> 0 | I15: =(ABS(E15-$B$5))^$B$3 -> 114.01394 | J15: =F15*I15 -> 340766.72 | K15: ='JANUS NEXT 3'!B15 -> 0 | L15: ='JANUS NEXT 2'!B15 -> 0 | M15: ='JANUS NEXT 1'!$B15 -> 0 | N15: ='JANUS 260625'!$B15 -> 0 | O15: =SUM(K15:N15) -> 0 | P15: =E15*O15 -> 0 | Q15: =O15*6000/$O$4 -> 0 | R15: =(ABS(E15-$B$6))^$B$3 -> 103.99606 | S15: =Q15*R15 -> 0
D16: =D15+1 -> 11 | E16: =Kossira!G16 -> -0.71875 | F16: =IF(Kossira!H16<0.5,0,Kossira!H16) -> 6098.5702 | G16: =INT(F16/6000*$AU$2) -> 1 | H16: =E16*G16 -> -0.71875 | I16: =(ABS(E16-$B$5))^$B$3 -> 42.372901 | J16: =F16*I16 -> 258414.11 | K16: ='JANUS NEXT 3'!B16 -> 0 | L16: ='JANUS NEXT 2'!B16 -> 0 | M16: ='JANUS NEXT 1'!$B16 -> 0 | N16: ='JANUS 260625'!$B16 -> 0 | O16: =SUM(K16:N16) -> 0 | P16: =E16*O16 -> 0 | Q16: =O16*6000/$O$4 -> 0 | R16: =(ABS(E16-$B$6))^$B$3 -> 38.039412 | S16: =Q16*R16 -> 0
D17: =D16+1 -> 12 | E17: =Kossira!G17 -> -0.40625 | F17: =IF(Kossira!H17<0.5,0,Kossira!H17) -> 10800.324 | G17: =INT(F17/6000*$AU$2) -> 3 | H17: =E17*G17 -> -1.21875 | I17: =(ABS(E17-$B$5))^$B$3 -> 13.064432 | J17: =F17*I17 -> 141100.1 | K17: ='JANUS NEXT 3'!B17 -> 0 | L17: ='JANUS NEXT 2'!B17 -> 0 | M17: ='JANUS NEXT 1'!$B17 -> 0 | N17: ='JANUS 260625'!$B17 -> 0.1 | O17: =SUM(K17:N17) -> 0.1 | P17: =E17*O17 -> -0.040625 | Q17: =O17*6000/$O$4 -> 352.94118 | R17: =(ABS(E17-$B$6))^$B$3 -> 11.466438 | S17: =Q17*R17 -> 4046.978
D18: =D17+1 -> 13 | E18: =Kossira!G18 -> -0.09375 | F18: =IF(Kossira!H18<0.5,0,Kossira!H18) -> 21279.819 | G18: =INT(F18/6000*$AU$2) -> 6 | H18: =E18*G18 -> -0.5625 | I18: =(ABS(E18-$B$5))^$B$3 -> 3.0623148 | J18: =F18*I18 -> 65165.506 | K18: ='JANUS NEXT 3'!B18 -> 0 | L18: ='JANUS NEXT 2'!B18 -> 0 | M18: ='JANUS NEXT 1'!$B18 -> 0 | N18: ='JANUS 260625'!$B18 -> 2 | O18: =SUM(K18:N18) -> 2 | P18: =E18*O18 -> -0.1875 | Q18: =O18*6000/$O$4 -> 7058.8235 | R18: =(ABS(E18-$B$6))^$B$3 -> 2.5964921 | S18: =Q18*R18 -> 18328.179
... D37: =D36+1 -> 32 | E37: =Kossira!G37 -> 5.84375 | F37: =IF(Kossira!H37<0.5,0,Kossira!H37) -> 0 | G37: =INT(F37/6000*$AU$2) -> 0 | H37: =E37*G37 -> 0 | I37: =(ABS(E37-$B$5))^$B$3 -> 16765.459 | J37: =F37*I37 -> 0 | K37: ='JANUS NEXT 3'!B37 -> 0 | L37: ='JANUS NEXT 2'!B37 -> 0 | M37: ='JANUS NEXT 1'!$B37 -> 0 | N37: ='JANUS 260625'!$B37 -> 0 | O37: =SUM(K37:N37) -> 0 | P37: =E37*O37 -> 0 | Q37: =O37*6000/$O$4 -> 0 | R37: =(ABS(E37-$B$6))^$B$3 -> 17466.212 | S37: =Q37*R37 -> 0
H38: =SUM(H6:H37) -> 6135.6875 | P38: =SUM(P6:P37) -> 4325.1797
H39: =SUM(G6:G37) -> 5566 | P39: =SUM(O6:O37) -> 4037.75

Sheet JANUS 260625
A1: Glider | B1: JANUS 260625
A2: start time (s) = | B2: 1000
A3: stop time (s) = | B3: 30430
A4: flight time (hours) = | B4: 1.7
A5: Class (g) | B5: Occurences (-)
A6: -3.84 | B6: 0 | M6: From | N6: 2157.5 | O6: to | P6: 8307.5 | Q6: s. | R6: =8307-2157 -> 6150 | S6: =R6/3600 -> 1.7083333
A7: -3.53 | B7: 0 | M7: Class | N7: (g) | O7: Occurences | P7: (-)
A8: -3.22 | B8: 0 | N8: 0.22 | O8: 14049 | P8: =ROUND(O8/6000*$S$6,0) -> 4 | Q8: =P8/1.7*6000 -> 14117.647
A9: -2.91 | B9: 0 | N9: 0.53 | O9: 561956 | P9: =ROUND(O9/6000*$S$6,0) -> 160 | Q9: =P9/1.7*6000 -> 564705.88
A10: -2.59 | B10: 0 | N10: 0.84 | O10: 11407703 | P10: =ROUND(O10/6000*$S$6,0) -> 3248 | Q10: =P10/1.7*6000 -> 11463529
A11: -2.28 | B11: 0 | N11: 1.16 | O11: 10210034 | P11: =ROUND(O11/6000*$S$6,0) -> 2907 | Q11: =P11/1.7*6000 -> 10260000
A12: -1.97 | B12: 0 | N12: 1.47 | O12: 3424418 | P12: =ROUND(O12/6000*$S$6,0) -> 975 | Q12: =P12/1.7*6000 -> 3441176.5
A13: -1.66 | B13: 0 | N13: 1.78 | O13: 263417 | P13: =ROUND(O13/6000*$S$6,0) -> 75 | Q13: =P13/1.7*6000 -> 264705.88
A14: -1.34 | B14: 0 | N14: 2.09 | O14: 24586 | P14: =ROUND(O14/6000*$S$6,0) -> 7 | Q14: =P14/1.7*6000 -> 24705.882
A15: -1.03 | B15: 0
A16: -0.72 | B16: 0
A17: -0.41 | B17: 0.1
A18: -0.09 | B18: 2
A19: 0.22 | B19: 10
A20: 0.53 | B20: 100
A21: 0.84 | B21: 1600
A22: 1.16 | B22: 1707
A23: 1.47 | B23: 525
A24: 1.78 | B24: 75
A25: 2.09 | B25: 12
A26: 2.41 | B26: 5
... A37: 5.84 | B37: 0

Sheet JANUS NEXT 1
A1: Glider | B1: JANUS NEXT 1
A2: start time (s) = | B2: 1000
A3: stop time (s) = | B3: 1000
A4: flight time (hours) = | B4: 0
A5: Class (g) | B5: Occurences (-)
A6: -3.84 | B6: 0
A7: -3.53 | B7: 0
A8: -3.22 | B8: 0
A9: -2.91 | B9: 0
A10: -2.59 | B10: 0
A11: -2.28 | B11: 0
A12: -1.97 | B12: 0
A13: -1.66 | B13: 0
A14: -1.34 | B14: 0
A15: -1.03 | B15: 0
A16: -0.72 | B16: 0
A17: -0.41 | B17: 0
... A37: 5.84 | B37: 0

Sheet JANUS NEXT 2
A1: Glider | B1: JANUS NEXT 2
A2: start time (s) = | B2: 1000
A3: stop time (s) = | B3: 1000
A4: flight time (hours) = | B4: 0
A5: Class (g) | B5: Occurences (-)
A6: -3.84 | B6: 0
A7: -3.53 | B7: 0
A8: -3.22 | B8: 0
A9: -2.91 | B9: 0
A10: -2.59 | B10: 0
A11: -2.28 | B11: 0
A12: -1.97 | B12: 0
A13: -1.66 | B13: 0
A14: -1.34 | B14: 0
A15: -1.03 | B15: 0
A16: -0.72 | B16: 0
A17: -0.41 | B17: 0
... A37: 5.84 | B37: 0

Sheet JANUS NEXT 3
A1: Glider | B1: JANUS NEXT 3
A2: start time (s) = | B2: 1000
A3: stop time (s) = | B3: 1000
A4: flight time (hours) = | B4: 0
A5: n (g) | B5: Occurrences
A6: -3.84 | B6: 0
A7: -3.53 | B7: 0
A8: -3.22 | B8: 0
A9: -2.91 | B9: 0
A10: -2.59 | B10: 0
A11: -2.28 | B11: 0
A12: -1.97 | B12: 0
A13: -1.66 | B13: 0
A14: -1.34 | B14: 0
A15: -1.03 | B15: 0
A16: -0.72 | B16: 0
A17: -0.41 | B17: 0
... A37: 5.84 | B37: 0

Sheet Kossira
S2: ORIGINAL DATA
A3: # class = | B3: 32 | D3: class # | E3: g low | F3: g high | G3: g mid | H3: Kossira adjsuted to class 32 mid flight only 6000FH | K3: Kossira original flight only 6000FH
A4: g min = | B4: -4 | AA4: Curve data points have been captured using online graph reader : https://www.graphreader.com/v2. Parallax corrected picture for flight phases has been used.
A5: g max = | B5: 6 | K5: G load | L5: Occurrences
D6: 1 | E6: =$B$4+(D6-1)*$B$7 -> -4 | F6: =$B$4+(D6)*$B$7 -> -3.6875 | G6: =(E6+F6)/2 -> -3.84375 | H6: {=IF(OR(G6<$K$6,G6>$K$26),0.1,10^(LOG10(INDEX($L$6:$L$26,MATCH(G6,$K$6:$K$26,1)))+(G6-INDEX($K$6:$K$26,MATCH(G6,$K$6:$K$26,1)))*(LOG10(INDEX($L$6:$L$26,MATCH(G6,$K$6:$K$26,1)+1))-LOG10(INDEX($L$6:$L$26,MATCH(G6,$K$6:$K$26,1))))/(INDEX($K$6:$K$26,MATCH(G6,$K$6:$K$26,1)+1)-INDEX($K$6:$K$26,MATCH(G6,$K$6:$K$26,1)))))} -> 0.1 | K6: -2.5393 | L6: 1.0205 | Q6: =K26*L26 -> 25.368725
A7: class unit | B7: =(B5-B4)/B3 -> 0.3125 | D7: =D6+1 -> 2 | E7: =$B$4+(D7-1)*$B$7 -> -3.6875 | F7: =$B$4+(D7)*$B$7 -> -3.375 | G7: =(E7+F7)/2 -> -3.53125 | H7: {=IF(OR(G7<$K$6,G7>$K$26),0.1,10^(LOG10(INDEX($L$6:$L$26,MATCH(G7,$K$6:$K$26,1)))+(G7-INDEX($K$6:$K$26,MATCH(G7,$K$6:$K$26,1)))*(LOG10(INDEX($L$6:$L$26,MATCH(G7,$K$6:$K$26,1)+1))-LOG10(INDEX($L$6:$L$26,MATCH(G7,$K$6:$K$26,1))))/(INDEX($K$6:$K$26,MATCH(G7,$K$6:$K$26,1)+1)-INDEX($K$6:$K$26,MATCH(G7,$K$6:$K$26,1)))))} -> 0.1 | K7: -2.2022 | L7: 10.7519 | Q7: =K25*L25 -> 626.96458
D8: =D7+1 -> 3 | E8: =$B$4+(D8-1)*$B$7 -> -3.375 | F8: =$B$4+(D8)*$B$7 -> -3.0625 | G8: =(E8+F8)/2 -> -3.21875 | H8: {=IF(OR(G8<$K$6,G8>$K$26),0.1,10^(LOG10(INDEX($L$6:$L$26,MATCH(G8,$K$6:$K$26,1)))+(G8-INDEX($K$6:$K$26,MATCH(G8,$K$6:$K$26,1)))*(LOG10(INDEX($L$6:$L$26,MATCH(G8,$K$6:$K$26,1)+1))-LOG10(INDEX($L$6:$L$26,MATCH(G8,$K$6:$K$26,1))))/(INDEX($K$6:$K$26,MATCH(G8,$K$6:$K$26,1)+1)-INDEX($K$6:$K$26,MATCH(G8,$K$6:$K$26,1)))))} -> 0.1 | K8: -1.7903 | L8: 141.6229 | Q8: =K24*L24 -> 9689.397
D9: =D8+1 -> 4 | E9: =$B$4+(D9-1)*$B$7 -> -3.0625 | F9: =$B$4+(D9)*$B$7 -> -2.75 | G9: =(E9+F9)/2 -> -2.90625 | H9: {=IF(OR(G9<$K$6,G9>$K$26),0.1,10^(LOG10(INDEX($L$6:$L$26,MATCH(G9,$K$6:$K$26,1)))+(G9-INDEX($K$6:$K$26,MATCH(G9,$K$6:$K$26,1)))*(LOG10(INDEX($L$6:$L$26,MATCH(G9,$K$6:$K$26,1)+1))-LOG10(INDEX($L$6:$L$26,MATCH(G9,$K$6:$K$26,1))))/(INDEX($K$6:$K$26,MATCH(G9,$K$6:$K$26,1)+1)-INDEX($K$6:$K$26,MATCH(G9,$K$6:$K$26,1)))))} -> 0.1 | K9: -1.4345 | L9: 880.2061 | Q9: =K23*L23 -> 25154.316
D10: =D9+1 -> 5 | E10: =$B$4+(D10-1)*$B$7 -> -2.75 | F10: =$B$4+(D10)*$B$7 -> -2.4375 | G10: =(E10+F10)/2 -> -2.59375 | H10: {=IF(OR(G10<$K$6,G10>$K$26),0.1,10^(LOG10(INDEX($L$6:$L$26,MATCH(G10,$K$6:$K$26,1)))+(G10-INDEX($K$6:$K$26,MATCH(G10,$K$6:$K$26,1)))*(LOG10(INDEX($L$6:$L$26,MATCH(G10,$K$6:$K$26,1)+1))-LOG10(INDEX($L$6:$L$26,MATCH(G10,$K$6:$K$26,1))))/(INDEX($K$6:$K$26,MATCH(G10,$K$6:$K$26,1)+1)-INDEX($K$6:$K$26,MATCH(G10,$K$6:$K$26,1)))))} -> 0.1 | K10: -1.0599 | L10: 2799.647 | Q10: =K22*L22 -> 36566.381
D11: =D10+1 -> 6 | E11: =$B$4+(D11-1)*$B$7 -> -2.4375 | F11: =$B$4+(D11)*$B$7 -> -2.125 | G11: =(E11+F11)/2 -> -2.28125 | H11: {=IF(OR(G11<$K$6,G11>$K$26),0.1,10^(LOG10(INDEX($L$6:$L$26,MATCH(G11,$K$6:$K$26,1)))+(G11-INDEX($K$6:$K$26,MATCH(G11,$K$6:$K$26,1)))*(LOG10(INDEX($L$6:$L$26,MATCH(G11,$K$6:$K$26,1)+1))-LOG10(INDEX($L$6:$L$26,MATCH(G11,$K$6:$K$26,1))))/(INDEX($K$6:$K$26,MATCH(G11,$K$6:$K$26,1)+1)-INDEX($K$6:$K$26,MATCH(G11,$K$6:$K$26,1)))))} -> 6.1896834 | K11: -0.7041 | L11: 6305.915 | Q11: =K21*L21 -> 49937.61
D12: =D11+1 -> 7 | E12: =$B$4+(D12-1)*$B$7 -> -2.125 | F12: =$B$4+(D12)*$B$7 -> -1.8125 | G12: =(E12+F12)/2 -> -1.96875 | H12: {=IF(OR(G12<$K$6,G12>$K$26),0.1,10^(LOG10(INDEX($L$6:$L$26,MATCH(G12,$K$6:$K$26,1)))+(G12-INDEX($K$6:$K$26,MATCH(G12,$K$6:$K$26,1)))*(LOG10(INDEX($L$6:$L$26,MATCH(G12,$K$6:$K$26,1)+1))-LOG10(INDEX($L$6:$L$26,MATCH(G12,$K$6:$K$26,1))))/(INDEX($K$6:$K$26,MATCH(G12,$K$6:$K$26,1)+1)-INDEX($K$6:$K$26,MATCH(G12,$K$6:$K$26,1)))))} -> 46.351234 | K12: -0.367 | L12: 11593.958 | Q12: =K20*L20 -> 83392.272
D13: =D12+1 -> 8 | E13: =$B$4+(D13-1)*$B$7 -> -1.8125 | F13: =$B$4+(D13)*$B$7 -> -1.5 | G13: =(E13+F13)/2 -> -1.65625 | H13: {=IF(OR(G13<$K$6,G13>$K$26),0.1,10^(LOG10(INDEX($L$6:$L$26,MATCH(G13,$K$6:$K$26,1)))+(G13-INDEX($K$6:$K$26,MATCH(G13,$K$6:$K$26,1)))*(LOG10(INDEX($L$6:$L$26,MATCH(G13,$K$6:$K$26,1)+1))-LOG10(INDEX($L$6:$L$26,MATCH(G13,$K$6:$K$26,1))))/(INDEX($K$6:$K$26,MATCH(G13,$K$6:$K$26,1)+1)-INDEX($K$6:$K$26,MATCH(G13,$K$6:$K$26,1)))))} -> 281.8846 | K13: 0.0075 | L13: 26649.723 | Q13: =K19*L19 -> 198055.28
D14: =D13+1 -> 9 | E14: =$B$4+(D14-1)*$B$7 -> -1.5 | F14: =$B$4+(D14)*$B$7 -> -1.1875 | G14: =(E14+F14)/2 -> -1.34375 | H14: {=IF(OR(G14<$K$6,G14>$K$26),0.1,10^(LOG10(INDEX($L$6:$L$26,MATCH(G14,$K$6:$K$26,1)))+(G14-INDEX($K$6:$K$26,MATCH(G14,$K$6:$K$26,1)))*(LOG10(INDEX($L$6:$L$26,MATCH(G14,$K$6:$K$26,1)+1))-LOG10(INDEX($L$6:$L$26,MATCH(G14,$K$6:$K$26,1))))/(INDEX($K$6:$K$26,MATCH(G14,$K$6:$K$26,1)+1)-INDEX($K$6:$K$26,MATCH(G14,$K$6:$K$26,1)))))} -> 1164.9943 | K14: 0.382 | L14: 466407.73 | Q14: =K18*L18 -> 932147.98
D15: =D14+1 -> 10 | E15: =$B$4+(D15-1)*$B$7 -> -1.1875 | F15: =$B$4+(D15)*$B$7 -> -0.875 | G15: =(E15+F15)/2 -> -1.03125 | H15: {=IF(OR(G15<$K$6,G15>$K$26),0.1,10^(LOG10(INDEX($L$6:$L$26,MATCH(G15,$K$6:$K$26,1)))+(G15-INDEX($K$6:$K$26,MATCH(G15,$K$6:$K$26,1)))*(LOG10(INDEX($L$6:$L$26,MATCH(G15,$K$6:$K$26,1)+1))-LOG10(INDEX($L$6:$L$26,MATCH(G15,$K$6:$K$26,1))))/(INDEX($K$6:$K$26,MATCH(G15,$K$6:$K$26,1)+1)-INDEX($K$6:$K$26,MATCH(G15,$K$6:$K$26,1)))))} -> 2988.8162 | K15: 0.7378 | L15: 6663119.2 | Q15: =K17*L17 -> 6211386.6
D16: =D15+1 -> 11 | E16: =$B$4+(D16-1)*$B$7 -> -0.875 | F16: =$B$4+(D16)*$B$7 -> -0.5625 | G16: =(E16+F16)/2 -> -0.71875 | H16: {=IF(OR(G16<$K$6,G16>$K$26),0.1,10^(LOG10(INDEX($L$6:$L$26,MATCH(G16,$K$6:$K$26,1)))+(G16-INDEX($K$6:$K$26,MATCH(G16,$K$6:$K$26,1)))*(LOG10(INDEX($L$6:$L$26,MATCH(G16,$K$6:$K$26,1)+1))-LOG10(INDEX($L$6:$L$26,MATCH(G16,$K$6:$K$26,1))))/(INDEX($K$6:$K$26,MATCH(G16,$K$6:$K$26,1)+1)-INDEX($K$6:$K$26,MATCH(G16,$K$6:$K$26,1)))))} -> 6098.5702 | K16: 1.1124 | L16: 6529222.4 | Q16: =K16*L16 -> 7263107
D17: =D16+1 -> 12 | E17: =$B$4+(D17-1)*$B$7 -> -0.5625 | F17: =$B$4+(D17)*$B$7 -> -0.25 | G17: =(E17+F17)/2 -> -0.40625 | H17: {=IF(OR(G17<$K$6,G17>$K$26),0.1,10^(LOG10(INDEX($L$6:$L$26,MATCH(G17,$K$6:$K$26,1)))+(G17-INDEX($K$6:$K$26,MATCH(G17,$K$6:$K$26,1)))*(LOG10(INDEX($L$6:$L$26,MATCH(G17,$K$6:$K$26,1)+1))-LOG10(INDEX($L$6:$L$26,MATCH(G17,$K$6:$K$26,1))))/(INDEX($K$6:$K$26,MATCH(G17,$K$6:$K$26,1)+1)-INDEX($K$6:$K$26,MATCH(G17,$K$6:$K$26,1)))))} -> 10800.324 | K17: 1.4869 | L17: 4177407.1 | Q17: =K15*L15 -> 4916049.3
D18: =D17+1 -> 13 | E18: =$B$4+(D18-1)*$B$7 -> -0.25 | F18: =$B$4+(D18)*$B$7 -> 0.0625 | G18: =(E18+F18)/2 -> -0.09375 | H18: {=IF(OR(G18<$K$6,G18>$K$26),0.1,10^(LOG10(INDEX($L$6:$L$26,MATCH(G18,$K$6:$K$26,1)))+(G18-INDEX($K$6:$K$26,MATCH(G18,$K$6:$K$26,1)))*(LOG10(INDEX($L$6:$L$26,MATCH(G18,$K$6:$K$26,1)+1))-LOG10(INDEX($L$6:$L$26,MATCH(G18,$K$6:$K$26,1))))/(INDEX($K$6:$K$26,MATCH(G18,$K$6:$K$26,1)+1)-INDEX($K$6:$K$26,MATCH(G18,$K$6:$K$26,1)))))} -> 21279.819 | K18: 1.8427 | L18: 505859.87 | Q18: =K14*L14 -> 178167.75
D19: =D18+1 -> 14 | E19: =$B$4+(D19-1)*$B$7 -> 0.0625 | F19: =$B$4+(D19)*$B$7 -> 0.375 | G19: =(E19+F19)/2 -> 0.21875 | H19: {=IF(OR(G19<$K$6,G19>$K$26),0.1,10^(LOG10(INDEX($L$6:$L$26,MATCH(G19,$K$6:$K$26,1)))+(G19-INDEX($K$6:$K$26,MATCH(G19,$K$6:$K$26,1)))*(LOG10(INDEX($L$6:$L$26,MATCH(G19,$K$6:$K$26,1)+1))-LOG10(INDEX($L$6:$L$26,MATCH(G19,$K$6:$K$26,1))))/(INDEX($K$6:$K$26,MATCH(G19,$K$6:$K$26,1)+1)-INDEX($K$6:$K$26,MATCH(G19,$K$6:$K$26,1)))))} -> 133934.39 | K19: 2.1985 | L19: 90086.549 | Q19: =K13*L13 -> 199.87292
D20: =D19+1 -> 15 | E20: =$B$4+(D20-1)*$B$7 -> 0.375 | F20: =$B$4+(D20)*$B$7 -> 0.6875 | G20: =(E20+F20)/2 -> 0.53125 | H20: {=IF(OR(G20<$K$6,G20>$K$26),0.1,10^(LOG10(INDEX($L$6:$L$26,MATCH(G20,$K$6:$K$26,1)))+(G20-INDEX($K$6:$K$26,MATCH(G20,$K$6:$K$26,1)))*(LOG10(INDEX($L$6:$L$26,MATCH(G20,$K$6:$K$26,1)+1))-LOG10(INDEX($L$6:$L$26,MATCH(G20,$K$6:$K$26,1))))/(INDEX($K$6:$K$26,MATCH(G20,$K$6:$K$26,1)+1)-INDEX($K$6:$K$26,MATCH(G20,$K$6:$K$26,1)))))} -> 1423065.8 | K20: 2.5543 | L20: 32647.799 | Q20: =K12*L12 -> -4254.9827
D21: =D20+1 -> 16 | E21: =$B$4+(D21-1)*$B$7 -> 0.6875 | F21: =$B$4+(D21)*$B$7 -> 1 | G21: =(E21+F21)/2 -> 0.84375 | H21: {=IF(OR(G21<$K$6,G21>$K$26),0.1,10^(LOG10(INDEX($L$6:$L$26,MATCH(G21,$K$6:$K$26,1)))+(G21-INDEX($K$6:$K$26,MATCH(G21,$K$6:$K$26,1)))*(LOG10(INDEX($L$6:$L$26,MATCH(G21,$K$6:$K$26,1)+1))-LOG10(INDEX($L$6:$L$26,MATCH(G21,$K$6:$K$26,1))))/(INDEX($K$6:$K$26,MATCH(G21,$K$6:$K$26,1)+1)-INDEX($K$6:$K$26,MATCH(G21,$K$6:$K$26,1)))))} -> 6624972.4 | K21: 2.9288 | L21: 17050.536 | Q21: =K11*L11 -> -4439.9948
D22: =D21+1 -> 17 | E22: =$B$4+(D22-1)*$B$7 -> 1 | F22: =$B$4+(D22)*$B$7 -> 1.3125 | G22: =(E22+F22)/2 -> 1.15625 | H22: {=IF(OR(G22<$K$6,G22>$K$26),0.1,10^(LOG10(INDEX($L$6:$L$26,MATCH(G22,$K$6:$K$26,1)))+(G22-INDEX($K$6:$K$26,MATCH(G22,$K$6:$K$26,1)))*(LOG10(INDEX($L$6:$L$26,MATCH(G22,$K$6:$K$26,1)+1))-LOG10(INDEX($L$6:$L$26,MATCH(G22,$K$6:$K$26,1))))/(INDEX($K$6:$K$26,MATCH(G22,$K$6:$K$26,1)+1)-INDEX($K$6:$K$26,MATCH(G22,$K$6:$K$26,1)))))} -> 6196570.8 | K22: 3.2846 | L22: 11132.674 | Q22: =K10*L10 -> -2967.3459
D23: =D22+1 -> 18 | E23: =$B$4+(D23-1)*$B$7 -> 1.3125 | F23: =$B$4+(D23)*$B$7 -> 1.625 | G23: =(E23+F23)/2 -> 1.46875 | H23: {=IF(OR(G23<$K$6,G23>$K$26),0.1,10^(LOG10(INDEX($L$6:$L$26,MATCH(G23,$K$6:$K$26,1)))+(G23-INDEX($K$6:$K$26,MATCH(G23,$K$6:$K$26,1)))*(LOG10(INDEX($L$6:$L$26,MATCH(G23,$K$6:$K$26,1)+1))-LOG10(INDEX($L$6:$L$26,MATCH(G23,$K$6:$K$26,1))))/(INDEX($K$6:$K$26,MATCH(G23,$K$6:$K$26,1)+1)-INDEX($K$6:$K$26,MATCH(G23,$K$6:$K$26,1)))))} -> 4268809.2 | K23: 3.6779 | L23: 6839.3148 | Q23: =K9*L9 -> -1262.6557
D24: =D23+1 -> 19 | E24: =$B$4+(D24-1)*$B$7 -> 1.625 | F24: =$B$4+(D24)*$B$7 -> 1.9375 | G24: =(E24+F24)/2 -> 1.78125 | H24: {=IF(OR(G24<$K$6,G24>$K$26),0.1,10^(LOG10(INDEX($L$6:$L$26,MATCH(G24,$K$6:$K$26,1)))+(G24-INDEX($K$6:$K$26,MATCH(G24,$K$6:$K$26,1)))*(LOG10(INDEX($L$6:$L$26,MATCH(G24,$K$6:$K$26,1)+1))-LOG10(INDEX($L$6:$L$26,MATCH(G24,$K$6:$K$26,1))))/(INDEX($K$6:$K$26,MATCH(G24,$K$6:$K$26,1)+1)-INDEX($K$6:$K$26,MATCH(G24,$K$6:$K$26,1)))))} -> 728422.61 | K24: 4.0712 | L24: 2379.9855 | Q24: =K8*L8 -> -253.54748
D25: =D24+1 -> 20 | E25: =$B$4+(D25-1)*$B$7 -> 1.9375 | F25: =$B$4+(D25)*$B$7 -> 2.25 | G25: =(E25+F25)/2 -> 2.09375 | H25: {=IF(OR(G25<$K$6,G25>$K$26),0.1,10^(LOG10(INDEX($L$6:$L$26,MATCH(G25,$K$6:$K$26,1)))+(G25-INDEX($K$6:$K$26,MATCH(G25,$K$6:$K$26,1)))*(LOG10(INDEX($L$6:$L$26,MATCH(G25,$K$6:$K$26,1)+1))-LOG10(INDEX($L$6:$L$26,MATCH(G25,$K$6:$K$26,1))))/(INDEX($K$6:$K$26,MATCH(G25,$K$6:$K$26,1)+1)-INDEX($K$6:$K$26,MATCH(G25,$K$6:$K$26,1)))))} -> 149719.99 | K25: 4.427 | L25: 141.6229 | Q25: =K7*L7 -> -23.677834
D26: =D25+1 -> 21 | E26: =$B$4+(D26-1)*$B$7 -> 2.25 | F26: =$B$4+(D26)*$B$7 -> 2.5625 | G26: =(E26+F26)/2 -> 2.40625 | H26: {=IF(OR(G26<$K$6,G26>$K$26),0.1,10^(LOG10(INDEX($L$6:$L$26,MATCH(G26,$K$6:$K$26,1)))+(G26-INDEX($K$6:$K$26,MATCH(G26,$K$6:$K$26,1)))*(LOG10(INDEX($L$6:$L$26,MATCH(G26,$K$6:$K$26,1)+1))-LOG10(INDEX($L$6:$L$26,MATCH(G26,$K$6:$K$26,1))))/(INDEX($K$6:$K$26,MATCH(G26,$K$6:$K$26,1)+1)-INDEX($K$6:$K$26,MATCH(G26,$K$6:$K$26,1)))))} -> 49805.271 | K26: 4.8015 | L26: 5.2835 | Q26: =K6*L6 -> -2.5913556
D27: =D26+1 -> 22 | E27: =$B$4+(D27-1)*$B$7 -> 2.5625 | F27: =$B$4+(D27)*$B$7 -> 2.875 | G27: =(E27+F27)/2 -> 2.71875 | H27: {=IF(OR(G27<$K$6,G27>$K$26),0.1,10^(LOG10(INDEX($L$6:$L$26,MATCH(G27,$K$6:$K$26,1)))+(G27-INDEX($K$6:$K$26,MATCH(G27,$K$6:$K$26,1)))*(LOG10(INDEX($L$6:$L$26,MATCH(G27,$K$6:$K$26,1)+1))-LOG10(INDEX($L$6:$L$26,MATCH(G27,$K$6:$K$26,1))))/(INDEX($K$6:$K$26,MATCH(G27,$K$6:$K$26,1)+1)-INDEX($K$6:$K$26,MATCH(G27,$K$6:$K$26,1)))))} -> 24545.479
D28: =D27+1 -> 23 | E28: =$B$4+(D28-1)*$B$7 -> 2.875 | F28: =$B$4+(D28)*$B$7 -> 3.1875 | G28: =(E28+F28)/2 -> 3.03125 | H28: {=IF(OR(G28<$K$6,G28>$K$26),0.1,10^(LOG10(INDEX($L$6:$L$26,MATCH(G28,$K$6:$K$26,1)))+(G28-INDEX($K$6:$K$26,MATCH(G28,$K$6:$K$26,1)))*(LOG10(INDEX($L$6:$L$26,MATCH(G28,$K$6:$K$26,1)+1))-LOG10(INDEX($L$6:$L$26,MATCH(G28,$K$6:$K$26,1))))/(INDEX($K$6:$K$26,MATCH(G28,$K$6:$K$26,1)+1)-INDEX($K$6:$K$26,MATCH(G28,$K$6:$K$26,1)))))} -> 15080.952
D29: =D28+1 -> 24 | E29: =$B$4+(D29-1)*$B$7 -> 3.1875 | F29: =$B$4+(D29)*$B$7 -> 3.5 | G29: =(E29+F29)/2 -> 3.34375 | H29: {=IF(OR(G29<$K$6,G29>$K$26),0.1,10^(LOG10(INDEX($L$6:$L$26,MATCH(G29,$K$6:$K$26,1)))+(G29-INDEX($K$6:$K$26,MATCH(G29,$K$6:$K$26,1)))*(LOG10(INDEX($L$6:$L$26,MATCH(G29,$K$6:$K$26,1)+1))-LOG10(INDEX($L$6:$L$26,MATCH(G29,$K$6:$K$26,1))))/(INDEX($K$6:$K$26,MATCH(G29,$K$6:$K$26,1)+1)-INDEX($K$6:$K$26,MATCH(G29,$K$6:$K$26,1)))))} -> 10346.133
D30: =D29+1 -> 25 | E30: =$B$4+(D30-1)*$B$7 -> 3.5 | F30: =$B$4+(D30)*$B$7 -> 3.8125 | G30: =(E30+F30)/2 -> 3.65625 | H30: {=IF(OR(G30<$K$6,G30>$K$26),0.1,10^(LOG10(INDEX($L$6:$L$26,MATCH(G30,$K$6:$K$26,1)))+(G30-INDEX($K$6:$K$26,MATCH(G30,$K$6:$K$26,1)))*(LOG10(INDEX($L$6:$L$26,MATCH(G30,$K$6:$K$26,1)+1))-LOG10(INDEX($L$6:$L$26,MATCH(G30,$K$6:$K$26,1))))/(INDEX($K$6:$K$26,MATCH(G30,$K$6:$K$26,1)+1)-INDEX($K$6:$K$26,MATCH(G30,$K$6:$K$26,1)))))} -> 7025.2183 | L30: Original picture from ICAS-82-2.8.2 fig 12 | W30: Parallax corrected picture from ICAS-82-2.8.2 fig 12
D31: =D30+1 -> 26 | E31: =$B$4+(D31-1)*$B$7 -> 3.8125 | F31: =$B$4+(D31)*$B$7 -> 4.125 | G31: =(E31+F31)/2 -> 3.96875 | H31: {=IF(OR(G31<$K$6,G31>$K$26),0.1,10^(LOG10(INDEX($L$6:$L$26,MATCH(G31,$K$6:$K$26,1)))+(G31-INDEX($K$6:$K$26,MATCH(G31,$K$6:$K$26,1)))*(LOG10(INDEX($L$6:$L$26,MATCH(G31,$K$6:$K$26,1)+1))-LOG10(INDEX($L$6:$L$26,MATCH(G31,$K$6:$K$26,1))))/(INDEX($K$6:$K$26,MATCH(G31,$K$6:$K$26,1)+1)-INDEX($K$6:$K$26,MATCH(G31,$K$6:$K$26,1)))))} -> 3133.2285
D32: =D31+1 -> 27 | E32: =$B$4+(D32-1)*$B$7 -> 4.125 | F32: =$B$4+(D32)*$B$7 -> 4.4375 | G32: =(E32+F32)/2 -> 4.28125 | H32: {=IF(OR(G32<$K$6,G32>$K$26),0.1,10^(LOG10(INDEX($L$6:$L$26,MATCH(G32,$K$6:$K$26,1)))+(G32-INDEX($K$6:$K$26,MATCH(G32,$K$6:$K$26,1)))*(LOG10(INDEX($L$6:$L$26,MATCH(G32,$K$6:$K$26,1)+1))-LOG10(INDEX($L$6:$L$26,MATCH(G32,$K$6:$K$26,1))))/(INDEX($K$6:$K$26,MATCH(G32,$K$6:$K$26,1)+1)-INDEX($K$6:$K$26,MATCH(G32,$K$6:$K$26,1)))))} -> 449.90764
D33: =D32+1 -> 28 | E33: =$B$4+(D33-1)*$B$7 -> 4.4375 | F33: =$B$4+(D33)*$B$7 -> 4.75 | G33: =(E33+F33)/2 -> 4.59375 | H33: {=IF(OR(G33<$K$6,G33>$K$26),0.1,10^(LOG10(INDEX($L$6:$L$26,MATCH(G33,$K$6:$K$26,1)))+(G33-INDEX($K$6:$K$26,MATCH(G33,$K$6:$K$26,1)))*(LOG10(INDEX($L$6:$L$26,MATCH(G33,$K$6:$K$26,1)+1))-LOG10(INDEX($L$6:$L$26,MATCH(G33,$K$6:$K$26,1))))/(INDEX($K$6:$K$26,MATCH(G33,$K$6:$K$26,1)+1)-INDEX($K$6:$K$26,MATCH(G33,$K$6:$K$26,1)))))} -> 32.749707
D34: =D33+1 -> 29 | E34: =$B$4+(D34-1)*$B$7 -> 4.75 | F34: =$B$4+(D34)*$B$7 -> 5.0625 | G34: =(E34+F34)/2 -> 4.90625 | H34: {=IF(OR(G34<$K$6,G34>$K$26),0.1,10^(LOG10(INDEX($L$6:$L$26,MATCH(G34,$K$6:$K$26,1)))+(G34-INDEX($K$6:$K$26,MATCH(G34,$K$6:$K$26,1)))*(LOG10(INDEX($L$6:$L$26,MATCH(G34,$K$6:$K$26,1)+1))-LOG10(INDEX($L$6:$L$26,MATCH(G34,$K$6:$K$26,1))))/(INDEX($K$6:$K$26,MATCH(G34,$K$6:$K$26,1)+1)-INDEX($K$6:$K$26,MATCH(G34,$K$6:$K$26,1)))))} -> 0.1
D35: =D34+1 -> 30 | E35: =$B$4+(D35-1)*$B$7 -> 5.0625 | F35: =$B$4+(D35)*$B$7 -> 5.375 | G35: =(E35+F35)/2 -> 5.21875 | H35: {=IF(OR(G35<$K$6,G35>$K$26),0.1,10^(LOG10(INDEX($L$6:$L$26,MATCH(G35,$K$6:$K$26,1)))+(G35-INDEX($K$6:$K$26,MATCH(G35,$K$6:$K$26,1)))*(LOG10(INDEX($L$6:$L$26,MATCH(G35,$K$6:$K$26,1)+1))-LOG10(INDEX($L$6:$L$26,MATCH(G35,$K$6:$K$26,1))))/(INDEX($K$6:$K$26,MATCH(G35,$K$6:$K$26,1)+1)-INDEX($K$6:$K$26,MATCH(G35,$K$6:$K$26,1)))))} -> 0.1
D36: =D35+1 -> 31 | E36: =$B$4+(D36-1)*$B$7 -> 5.375 | F36: =$B$4+(D36)*$B$7 -> 5.6875 | G36: =(E36+F36)/2 -> 5.53125 | H36: {=IF(OR(G36<$K$6,G36>$K$26),0.1,10^(LOG10(INDEX($L$6:$L$26,MATCH(G36,$K$6:$K$26,1)))+(G36-INDEX($K$6:$K$26,MATCH(G36,$K$6:$K$26,1)))*(LOG10(INDEX($L$6:$L$26,MATCH(G36,$K$6:$K$26,1)+1))-LOG10(INDEX($L$6:$L$26,MATCH(G36,$K$6:$K$26,1))))/(INDEX($K$6:$K$26,MATCH(G36,$K$6:$K$26,1)+1)-INDEX($K$6:$K$26,MATCH(G36,$K$6:$K$26,1)))))} -> 0.1
D37: =D36+1 -> 32 | E37: =$B$4+(D37-1)*$B$7 -> 5.6875 | F37: =$B$4+(D37)*$B$7 -> 6 | G37: =(E37+F37)/2 -> 5.84375 | H37: {=IF(OR(G37<$K$6,G37>$K$26),0.1,10^(LOG10(INDEX($L$6:$L$26,MATCH(G37,$K$6:$K$26,1)))+(G37-INDEX($K$6:$K$26,MATCH(G37,$K$6:$K$26,1)))*(LOG10(INDEX($L$6:$L$26,MATCH(G37,$K$6:$K$26,1)+1))-LOG10(INDEX($L$6:$L$26,MATCH(G37,$K$6:$K$26,1))))/(INDEX($K$6:$K$26,MATCH(G37,$K$6:$K$26,1)+1)-INDEX($K$6:$K$26,MATCH(G37,$K$6:$K$26,1)))))} -> 0.1
